entity_key,class_name,display_name,package,module,extends,abstract,entity,schema,table,photo_adapter_required,existing_actions,custom_action_candidates,eligibility,eligibility_reason,source_path
ais.database.model.BiodataCalonMahasiswa,BiodataCalonMahasiswa,Biodata Calon Mahasiswa,ais.database.model,root,ais.database.model.VOMahasiswa,False,True,public,biodata_calon_mahasiswa,True,ais\action\master\BiodataCalonMahasiswaAction.java|ais\action\master\pmb\BiodataCalonMahasiswaAction.java,onEvent|onCetakKartu,REVIEW_REQUIRED,membutuhkan adapter foto; mempunyai aksi khusus existing,ais\database\model\BiodataCalonMahasiswa.java
ais.database.model.Dosen,Dosen,Dosen,ais.database.model,root,ais.database.model.Karyawan,False,True,public,dosen,True,ais\action\master\DosenAction.java,onUploadRfid|onDownloadRfid|onEvent|onDataSK|onStatistik|onKegiatanKedosenan|onDataDosen|onKonfigurasiBiodataDosen|onUploadDBF|onDownloadFoto|onLaporanSkDosen|onLaporanPerDosen|onLaporanDosenHarian|onLaporanRuangDosen|onRekapDosenTetap|onRekapDosenTetapPerFakultasDanPerProdi|onLaporanRekapDosenPerFakultasDanPerProdi|onRekapDosenTidakTetap|onRekapJumlahDosen|onRekapJumlahDosenPerPendidikan|onDownloadFotoMassal|onUploadFotoMassal,REVIEW_REQUIRED,membutuhkan adapter foto; mempunyai aksi khusus existing,ais\database\model\Dosen.java
ais.database.model.DspaceInformation,DspaceInformation,Dspace Information,ais.database.model,root,ais.database.model.GeneralValueObject,False,True,public,dspace_information,True,,,REVIEW_REQUIRED,membutuhkan adapter foto,ais\database\model\DspaceInformation.java
ais.database.model.Fakultas,Fakultas,Fakultas,ais.database.model,root,ais.database.model.GeneralValueObject,False,True,public,fakultas,True,ais\action\master\FakultasAction.java,onEvent,REVIEW_REQUIRED,membutuhkan adapter foto; mempunyai aksi khusus existing,ais\database\model\Fakultas.java
ais.database.model.Jurusan,Jurusan,Jurusan,ais.database.model,root,ais.database.model.GeneralValueObject,False,True,public,jurusan,True,ais\action\master\JurusanAction.java,onEvent|onAkreditasi|onKonsentrasi|onCapaianPembelajaranLulusan|onJenisCapaianPembelajaranLulusan|onInfo,REVIEW_REQUIRED,membutuhkan adapter foto; mempunyai aksi khusus existing,ais\database\model\Jurusan.java
ais.database.model.Mahasiswa,Mahasiswa,Mahasiswa,ais.database.model,root,ais.database.model.VOMahasiswa,False,True,public,mahasiswa,True,ais\action\master\MahasiswaAction.java|ais\action\master\alumni\MahasiswaAction.java,onStatistik|onDownloadLampiran|onEvent|onDownloadFoto|onDownloadFotoMassal|onUploadFotoMassal|onUploadPassword|onUploadUKT|onUploadStatus|onDownloadPassword|onUploadRfid|onDownloadRfid|onSynchronizeStatus|onSuratMahasiswa|onAlbumMahasiswa|onRekapJumlahMahasiswa|onDataMahasiswa|onTampilKHS|onTampilTranskripAkademik|onTampilPrestasi|onKartuMahasiswa|onKegiatanKemahasiswaan|onKegiatanMahasiswa|onOperatorSeluler|onAlatTransport|onJenisTinggal|onPekerjaanOrtu|onPenghasilanOrtu|onPendidikanOrtu|onFormTambahan|onPerkuliahanMahasiswa|onManajemenKelas|onManajemenKelompok|onManajemenKelompokStatus|onManajemenProgram|onManajemenKelompokStatusKeluar|onManajemenAsrama|onManajemenDosenPA|onImport|onAddExternal|onBukaPencarianLanjut|onTutupPencarianLanjut|onTerapkanPencarianLanjut|onDashboardAlumni|onGaleriFoto|onParameterAlumni|onRekapJumlahAlumni|onGrafikJumlahAlumni,REVIEW_REQUIRED,membutuhkan adapter foto; mempunyai aksi khusus existing,ais\database\model\Mahasiswa.java
ais.database.model.ParameterTambahanAstract,ParameterTambahanAstract,Parameter Tambahan Astract,ais.database.model,root,ais.database.model.GeneralValueObject,True,False,,,True,,,EXCLUDED_ABSTRACT,Class abstract,ais\database\model\ParameterTambahanAstract.java
ais.database.model.Pegawai,Pegawai,Pegawai,ais.database.model,root,ais.database.model.Karyawan,False,True,public,pegawai,True,ais\action\master\PegawaiAction.java|ais\action\master\bkd\PegawaiAction.java,onUploadRfid|onDownloadRfid|onEvent|onKartuPegawai|onSatuanKerja|onDownloadFoto|onDownloadFotoMassal|onUploadFotoMassal|onAddDosen|onAddGuru|onLoadData,REVIEW_REQUIRED,membutuhkan adapter foto; mempunyai aksi khusus existing,ais\database\model\Pegawai.java
ais.database.model.PerguruanTinggi,PerguruanTinggi,Perguruan Tinggi,ais.database.model,root,ais.database.model.VoKunci,False,True,public,perguruan_tinggi,True,ais\action\master\PerguruanTinggiAction.java,onEvent,REVIEW_REQUIRED,membutuhkan adapter foto; mempunyai aksi khusus existing,ais\database\model\PerguruanTinggi.java
ais.database.model.Pertemuan,Pertemuan,Pertemuan,ais.database.model,root,ais.database.model.Tugas,False,True,public,pertemuan,True,ais\action\maintenance\PertemuanAction.java|ais\action\master\PertemuanAction.java,onTampilPanelIkut|onRekapPertemuanPerkuliahan|onKegiatanMahasiswa|onPerkuliahanSp|onEkstrakurikuler|onParameterPertemuanPerkuliahan|onPraPerkuliahan|onDownloadLampiran|onEvent|onJadwalRemedial,REVIEW_REQUIRED,membutuhkan adapter foto; mempunyai aksi khusus existing,ais\database\model\Pertemuan.java
ais.database.model.Tbmuser,Tbmuser,Tbmuser,ais.database.model,root,ais.database.model.GeneralValueObject,False,True,public,tbmuser,True,ais\action\maintenance\TbmuserAction.java,onEvent|onAddExternal|onDownloadFotoMassal|onUploadFotoMassal,REVIEW_REQUIRED,membutuhkan adapter foto; mempunyai aksi khusus existing,ais\database\model\Tbmuser.java
ais.database.model.asset.PenyediaAsset,PenyediaAsset,Penyedia Asset,ais.database.model.asset,asset,ais.database.model.sop.DataSop,False,True,asset,penyedia_asset,True,ais\action\master\asset\PenyediaAssetAction.java,onJenisPekerjaan|onCheck|onDashboardVendor|onJenisPenyedia|onDokumenPenyedia|onKategoriPenyedia|onStatusPenyedia|onEvent|onAddExternal|onAddExternalDaftar|onCalonVendor,REVIEW_REQUIRED,membutuhkan adapter foto; mempunyai aksi khusus existing,ais\database\model\asset\PenyediaAsset.java
ais.database.model.file.FileBukuBahanAjar,FileBukuBahanAjar,File Buku Bahan Ajar,ais.database.model.file,file,ais.database.model.file.FileFoto,False,True,public,file_buku_bahan_ajar,True,,,REVIEW_REQUIRED,membutuhkan adapter foto,ais\database\model\file\FileBukuBahanAjar.java
ais.database.model.file.FileFoto,FileFoto,File Foto,ais.database.model.file,file,ais.database.model.GeneralValueObject,True,False,,,True,,,EXCLUDED_ABSTRACT,Class abstract,ais\database\model\file\FileFoto.java
ais.database.model.file.FileFotoLain,FileFotoLain,File Foto Lain,ais.database.model.file,file,ais.database.model.file.FileFoto,True,False,,,True,,,EXCLUDED_ABSTRACT,Class abstract,ais\database\model\file\FileFotoLain.java
ais.database.model.file.FotoAdmin,FotoAdmin,Foto Admin,ais.database.model.file,file,ais.database.model.file.FileFotoLain,False,True,public,foto_admin,True,,,REVIEW_REQUIRED,membutuhkan adapter foto,ais\database\model\file\FotoAdmin.java
ais.database.model.file.FotoBiodataCalonMahasiswa,FotoBiodataCalonMahasiswa,Foto Biodata Calon Mahasiswa,ais.database.model.file,file,ais.database.model.file.FileFotoLain,False,True,public,foto_biodata_calon_mahasiswa,True,,,REVIEW_REQUIRED,membutuhkan adapter foto,ais\database\model\file\FotoBiodataCalonMahasiswa.java
ais.database.model.file.FotoBiodataMahasiswa,FotoBiodataMahasiswa,Foto Biodata Mahasiswa,ais.database.model.file,file,ais.database.model.file.FileFoto,False,True,public,foto_biodata_mahasiswa,True,,,REVIEW_REQUIRED,membutuhkan adapter foto,ais\database\model\file\FotoBiodataMahasiswa.java
ais.database.model.file.FotoBuktiChecklistLaporan,FotoBuktiChecklistLaporan,Foto Bukti Checklist Laporan,ais.database.model.file,file,ais.database.model.file.FileFoto,False,True,public,foto_bukti_checklist_laporan,True,ais\action\master\rab\FotoBuktiChecklistLaporanAction.java,onEvent|onUploadFile,REVIEW_REQUIRED,membutuhkan adapter foto; mempunyai aksi khusus existing,ais\database\model\file\FotoBuktiChecklistLaporan.java
ais.database.model.file.FotoBuku,FotoBuku,Foto Buku,ais.database.model.file,file,ais.database.model.file.FileFoto,False,True,public,foto_buku,True,,,REVIEW_REQUIRED,membutuhkan adapter foto,ais\database\model\file\FotoBuku.java
ais.database.model.file.FotoCalonPegawai,FotoCalonPegawai,Foto Calon Pegawai,ais.database.model.file,file,ais.database.model.file.FileFotoLain,False,True,public,foto_calon_pegawai,True,,,REVIEW_REQUIRED,membutuhkan adapter foto,ais\database\model\file\FotoCalonPegawai.java
ais.database.model.file.FotoCalonSiswa,FotoCalonSiswa,Foto Calon Siswa,ais.database.model.file,file,ais.database.model.file.FileFotoLain,False,True,public,foto_calon_siswa,True,,,REVIEW_REQUIRED,membutuhkan adapter foto,ais\database\model\file\FotoCalonSiswa.java
ais.database.model.file.FotoDosen,FotoDosen,Foto Dosen,ais.database.model.file,file,ais.database.model.file.FileFotoLain,False,True,public,foto_dosen,True,,,REVIEW_REQUIRED,membutuhkan adapter foto,ais\database\model\file\FotoDosen.java
ais.database.model.file.FotoGambarItem,FotoGambarItem,Foto Gambar Item,ais.database.model.file,file,ais.database.model.file.FileFoto,False,True,public,foto_gambar_item,True,,,REVIEW_REQUIRED,membutuhkan adapter foto,ais\database\model\file\FotoGambarItem.java
ais.database.model.file.FotoGambarKopSurat,FotoGambarKopSurat,Foto Gambar Kop Surat,ais.database.model.file,file,ais.database.model.file.FileFoto,False,True,public,foto_gambar_kop_surat,True,,,REVIEW_REQUIRED,membutuhkan adapter foto,ais\database\model\file\FotoGambarKopSurat.java
ais.database.model.file.FotoGambarProduk,FotoGambarProduk,Foto Gambar Produk,ais.database.model.file,file,ais.database.model.file.FileFotoLain,False,True,public,foto_gambar_produk,True,,,REVIEW_REQUIRED,membutuhkan adapter foto,ais\database\model\file\FotoGambarProduk.java
ais.database.model.file.FotoGambarSuratKeluar,FotoGambarSuratKeluar,Foto Gambar Surat Keluar,ais.database.model.file,file,ais.database.model.file.FileFoto,False,True,public,foto_gambar_surat_keluar,True,,,REVIEW_REQUIRED,membutuhkan adapter foto,ais\database\model\file\FotoGambarSuratKeluar.java
ais.database.model.file.FotoGambarSuratMasuk,FotoGambarSuratMasuk,Foto Gambar Surat Masuk,ais.database.model.file,file,ais.database.model.file.FileFoto,False,True,public,foto_gambar_surat_masuk,True,,,REVIEW_REQUIRED,membutuhkan adapter foto,ais\database\model\file\FotoGambarSuratMasuk.java
ais.database.model.file.FotoGambarTandaTanganPejabat,FotoGambarTandaTanganPejabat,Foto Gambar Tanda Tangan Pejabat,ais.database.model.file,file,ais.database.model.file.FileFoto,False,True,public,foto_gambar_tanda_tangan_pejabat,True,,,REVIEW_REQUIRED,membutuhkan adapter foto,ais\database\model\file\FotoGambarTandaTanganPejabat.java
ais.database.model.file.FotoGambarTandaTanganSuratKeluar,FotoGambarTandaTanganSuratKeluar,Foto Gambar Tanda Tangan Surat Keluar,ais.database.model.file,file,ais.database.model.file.FileFoto,False,True,public,foto_gambar_tanda_tangan_surat_keluar,True,,,REVIEW_REQUIRED,membutuhkan adapter foto,ais\database\model\file\FotoGambarTandaTanganSuratKeluar.java
ais.database.model.file.FotoGuru,FotoGuru,Foto Guru,ais.database.model.file,file,ais.database.model.file.FileFotoLain,False,True,public,foto_guru,True,,,REVIEW_REQUIRED,membutuhkan adapter foto,ais\database\model\file\FotoGuru.java
ais.database.model.file.FotoImagePerHalamanItem,FotoImagePerHalamanItem,Foto Image Per Halaman Item,ais.database.model.file,file,ais.database.model.file.FileFoto,False,True,public,foto_image_per_halaman_item,True,,,REVIEW_REQUIRED,membutuhkan adapter foto,ais\database\model\file\FotoImagePerHalamanItem.java
ais.database.model.file.FotoInformasiPerpustakaan,FotoInformasiPerpustakaan,Foto Informasi Perpustakaan,ais.database.model.file,file,ais.database.model.file.FileFoto,False,True,public,foto_informasi_perpustakaan,True,,,REVIEW_REQUIRED,membutuhkan adapter foto,ais\database\model\file\FotoInformasiPerpustakaan.java
ais.database.model.file.FotoInformasiRab,FotoInformasiRab,Foto Informasi Rab,ais.database.model.file,file,ais.database.model.file.FileFoto,False,True,public,foto_informasi_rab,True,,,REVIEW_REQUIRED,membutuhkan adapter foto,ais\database\model\file\FotoInformasiRab.java
ais.database.model.file.FotoItem,FotoItem,Foto Item,ais.database.model.file,file,ais.database.model.file.FileFoto,False,True,public,foto_item,True,,,REVIEW_REQUIRED,membutuhkan adapter foto,ais\database\model\file\FotoItem.java
ais.database.model.file.FotoLampiranPegawai,FotoLampiranPegawai,Foto Lampiran Pegawai,ais.database.model.file,file,ais.database.model.file.FileFoto,False,True,public,foto_lampiran_pegawai,True,,,REVIEW_REQUIRED,membutuhkan adapter foto,ais\database\model\file\FotoLampiranPegawai.java
ais.database.model.file.FotoMahasiswa,FotoMahasiswa,Foto Mahasiswa,ais.database.model.file,file,ais.database.model.file.FileFotoLain,False,True,public,foto_mahasiswa,True,,,REVIEW_REQUIRED,membutuhkan adapter foto,ais\database\model\file\FotoMahasiswa.java
ais.database.model.file.FotoMahasiswaLulus,FotoMahasiswaLulus,Foto Mahasiswa Lulus,ais.database.model.file,file,ais.database.model.file.FileFotoLain,False,True,public,foto_mahasiswa_lulus,True,,,REVIEW_REQUIRED,membutuhkan adapter foto,ais\database\model\file\FotoMahasiswaLulus.java
ais.database.model.file.FotoPegawai,FotoPegawai,Foto Pegawai,ais.database.model.file,file,ais.database.model.file.FileFotoLain,False,True,public,foto_pegawai,True,,,REVIEW_REQUIRED,membutuhkan adapter foto,ais\database\model\file\FotoPegawai.java
ais.database.model.file.FotoSiswa,FotoSiswa,Foto Siswa,ais.database.model.file,file,ais.database.model.file.FileFotoLain,False,True,public,foto_siswa,True,,,REVIEW_REQUIRED,membutuhkan adapter foto,ais\database\model\file\FotoSiswa.java
ais.database.model.file.GaleriFotoImage,GaleriFotoImage,Galeri Foto Image,ais.database.model.file,file,ais.database.model.file.FileFoto,False,True,public,galeri_foto_image,True,,,REVIEW_REQUIRED,membutuhkan adapter foto,ais\database\model\file\GaleriFotoImage.java
ais.database.model.file.GambarFakultas,GambarFakultas,Gambar Fakultas,ais.database.model.file,file,ais.database.model.file.FileFoto,False,True,public,gambar_fakultas,True,,,REVIEW_REQUIRED,membutuhkan adapter foto,ais\database\model\file\GambarFakultas.java
ais.database.model.file.LampiranBeasiswaMahasiswa,LampiranBeasiswaMahasiswa,Lampiran Beasiswa Mahasiswa,ais.database.model.file,file,ais.database.model.file.FileFotoLain,False,True,public,lampiran_beasiswa_mahasiswa,True,,,REVIEW_REQUIRED,membutuhkan adapter foto,ais\database\model\file\LampiranBeasiswaMahasiswa.java
ais.database.model.file.LampiranKknMahasiswa,LampiranKknMahasiswa,Lampiran Kkn Mahasiswa,ais.database.model.file,file,ais.database.model.file.FileFotoLain,False,True,public,lampiran_kkn_mahasiswa,True,,,REVIEW_REQUIRED,membutuhkan adapter foto,ais\database\model\file\LampiranKknMahasiswa.java
ais.database.model.file.LampiranLain,LampiranLain,Lampiran Lain,ais.database.model.file,file,ais.database.model.file.FileFotoLain,False,True,public,lampiran_lain,True,,,REVIEW_REQUIRED,membutuhkan adapter foto,ais\database\model\file\LampiranLain.java
ais.database.model.file.LampiranLainBiodataCalonMahasiswa,LampiranLainBiodataCalonMahasiswa,Lampiran Lain Biodata Calon Mahasiswa,ais.database.model.file,file,ais.database.model.file.FileFotoLain,False,True,public,lampiran_lain_biodata_calon_mahasiswa,True,,,REVIEW_REQUIRED,membutuhkan adapter foto,ais\database\model\file\LampiranLainBiodataCalonMahasiswa.java
ais.database.model.file.LampiranLainMahasiswa,LampiranLainMahasiswa,Lampiran Lain Mahasiswa,ais.database.model.file,file,ais.database.model.file.FileFotoLain,False,True,public,lampiran_lain_mahasiswa,True,,,REVIEW_REQUIRED,membutuhkan adapter foto,ais\database\model\file\LampiranLainMahasiswa.java
ais.database.model.file.LampiranPenelitianDanPengabdian,LampiranPenelitianDanPengabdian,Lampiran Penelitian Dan Pengabdian,ais.database.model.file,file,ais.database.model.file.FileFoto,False,True,public,lampiran_penelitian_dan_pengabdian,True,,,REVIEW_REQUIRED,membutuhkan adapter foto,ais\database\model\file\LampiranPenelitianDanPengabdian.java
ais.database.model.file.LampiranPengumumanAkademis,LampiranPengumumanAkademis,Lampiran Pengumuman Akademis,ais.database.model.file,file,ais.database.model.file.FileFoto,False,True,public,lampiran_pengumuman_akademis,True,,,REVIEW_REQUIRED,membutuhkan adapter foto,ais\database\model\file\LampiranPengumumanAkademis.java
ais.database.model.file.LampiranPengumumanPenelitian,LampiranPengumumanPenelitian,Lampiran Pengumuman Penelitian,ais.database.model.file,file,ais.database.model.file.FileFoto,False,True,public,lampiran_pengumuman_penelitian,True,,,REVIEW_REQUIRED,membutuhkan adapter foto,ais\database\model\file\LampiranPengumumanPenelitian.java
ais.database.model.file.LampiranPengumumanPerkuliahan,LampiranPengumumanPerkuliahan,Lampiran Pengumuman Perkuliahan,ais.database.model.file,file,ais.database.model.file.FileFoto,False,True,public,lampiran_pengumuman_perkuliahan,True,,,REVIEW_REQUIRED,membutuhkan adapter foto,ais\database\model\file\LampiranPengumumanPerkuliahan.java
ais.database.model.file.LampiranPklMahasiswa,LampiranPklMahasiswa,Lampiran Pkl Mahasiswa,ais.database.model.file,file,ais.database.model.file.FileFotoLain,False,True,public,lampiran_pkl_mahasiswa,True,,,REVIEW_REQUIRED,membutuhkan adapter foto,ais\database\model\file\LampiranPklMahasiswa.java
ais.database.model.file.PertemuanFileContent,PertemuanFileContent,Pertemuan File Content,ais.database.model.file,file,ais.database.model.file.FileFotoLain,False,True,public,pertemuan_file_content,True,,,REVIEW_REQUIRED,nama mengindikasikan data transaksi/log/internal: FileContent; membutuhkan adapter foto,ais\database\model\file\PertemuanFileContent.java
ais.database.model.file.SuratJrxmlFile,SuratJrxmlFile,Surat Jrxml File,ais.database.model.file,file,ais.database.model.file.FileFoto,False,True,public,surat_jrxml_file,True,,,REVIEW_REQUIRED,membutuhkan adapter foto,ais\database\model\file\SuratJrxmlFile.java
ais.database.model.file.TugasFileContent,TugasFileContent,Tugas File Content,ais.database.model.file,file,ais.database.model.file.FileFotoLain,False,True,public,tugas_file_content,True,,,REVIEW_REQUIRED,nama mengindikasikan data transaksi/log/internal: FileContent; membutuhkan adapter foto,ais\database\model\file\TugasFileContent.java
ais.database.model.file.UploadBiodataCalonMahasiswaFileContent,UploadBiodataCalonMahasiswaFileContent,Upload Biodata Calon Mahasiswa File Content,ais.database.model.file,file,ais.database.model.file.FileFoto,False,True,public,upload_biodata_calon_mahasiswa_file_content,True,,,REVIEW_REQUIRED,nama mengindikasikan data transaksi/log/internal: FileContent; membutuhkan adapter foto,ais\database\model\file\UploadBiodataCalonMahasiswaFileContent.java
ais.database.model.file.UploadVirtualAccountFileContent,UploadVirtualAccountFileContent,Upload Virtual Account File Content,ais.database.model.file,file,ais.database.model.file.FileFoto,False,True,public,upload_virtual_account_file_content,True,,,REVIEW_REQUIRED,nama mengindikasikan data transaksi/log/internal: FileContent; membutuhkan adapter foto,ais\database\model\file\UploadVirtualAccountFileContent.java
ais.database.model.library.Item,Item,Item,ais.database.model.library,library,ais.database.model.GeneralValueObject,False,True,library,item,True,ais\action\master\library\ItemAction.java,onEvent|onProgress|onAddGoogle|onAddExternal,REVIEW_REQUIRED,membutuhkan adapter foto; mempunyai aksi khusus existing,ais\database\model\library\Item.java
ais.database.model.library.ItemTemporary,ItemTemporary,Item Temporary,ais.database.model.library,library,ais.database.model.GeneralValueObject,False,True,library,item_temporary,True,,,REVIEW_REQUIRED,nama mengindikasikan data transaksi/log/internal: Temporary; membutuhkan adapter foto,ais\database\model\library\ItemTemporary.java
ais.database.model.recruitment.CalonPegawai,CalonPegawai,Calon Pegawai,ais.database.model.recruitment,recruitment,ais.database.model.GeneralValueObject,False,True,public,calon_pegawai,True,ais\action\master\recruitment\CalonPegawaiAction.java,onDokumen|onDokumenPenyedia|onEvent|onInfo|onAddExternalDaftar|onAddExternal,REVIEW_REQUIRED,membutuhkan adapter foto; mempunyai aksi khusus existing,ais\database\model\recruitment\CalonPegawai.java
ais.database.model.sekolah.CalonSiswa,CalonSiswa,Calon Siswa,ais.database.model.sekolah,sekolah,ais.database.model.VOSiswa,False,True,sekolah,calon_siswa,True,ais\action\master\sekolah\CalonSiswaAction.java,onEvent|onDownloadLampiran|onDownloadNilaiRaport|onDownloadFotoMassal|onUploadFotoMassal|onAddExternal|onCetakKartu|onDasborStatistik|onDasborStatus|onDasborSekolah|onDasborRegistrasi|onDasborHarian|onDasborRekapMultiTahun,REVIEW_REQUIRED,membutuhkan adapter foto; mempunyai aksi khusus existing,ais\database\model\sekolah\CalonSiswa.java
ais.database.model.sekolah.Guru,Guru,Guru,ais.database.model.sekolah,sekolah,ais.database.model.GeneralValueObject,False,True,sekolah,guru,True,ais\action\master\sekolah\GuruAction.java,onUploadRfid|onDownloadRfid|onEvent|onDownloadFoto|onAddExternal|onDownloadFotoMassal|onUploadFotoMassal|onKonfigurasiBiodataGuru,REVIEW_REQUIRED,membutuhkan adapter foto; mempunyai aksi khusus existing,ais\database\model\sekolah\Guru.java
ais.database.model.sekolah.Sekolah,Sekolah,Sekolah,ais.database.model.sekolah,sekolah,ais.database.model.VoKunci,False,True,sekolah,sekolah,True,ais\action\master\sekolah\SekolahAction.java,onEvent,REVIEW_REQUIRED,membutuhkan adapter foto; mempunyai aksi khusus existing,ais\database\model\sekolah\Sekolah.java
ais.database.model.sekolah.Siswa,Siswa,Siswa,ais.database.model.sekolah,sekolah,ais.database.model.VOSiswa,False,True,sekolah,siswa,True,ais\action\master\sekolah\SiswaAction.java,onUploadRfid|onDownloadRfid|onEvent|onKartuSiswa|onFormTambahan|onManajemenKelas|onKegiatanKesiswaan|onTampilTranskripAkademik|onStatistik|onManajemenAsrama|onManajemenKelompokStatusKeluarSiswa|onUploadPasswordSiswa|onDownloadFoto|onAddExternal|onDownloadFotoMassal|onUploadFotoMassal,REVIEW_REQUIRED,membutuhkan adapter foto; mempunyai aksi khusus existing,ais\database\model\sekolah\Siswa.java
ais.database.model.sekolah.VerifikasiKelengkapanCalonSiswa,VerifikasiKelengkapanCalonSiswa,Verifikasi Kelengkapan Calon Siswa,ais.database.model.sekolah,sekolah,ais.database.model.GeneralValueObject,False,True,public,verifikasi_kelengkapan_calon_siswa,True,ais\action\master\sekolah\VerifikasiKelengkapanCalonSiswaAction.java,onEvent,REVIEW_REQUIRED,membutuhkan adapter foto; mempunyai aksi khusus existing,ais\database\model\sekolah\VerifikasiKelengkapanCalonSiswa.java
ais.database.model.sekolah.Yayasan,Yayasan,Yayasan,ais.database.model.sekolah,sekolah,ais.database.model.VoKunci,False,True,sekolah,yayasan,True,ais\action\master\sekolah\YayasanAction.java,onEvent,REVIEW_REQUIRED,membutuhkan adapter foto; mempunyai aksi khusus existing,ais\database\model\sekolah\Yayasan.java
ais.database.model.streaming.AudioPertemuan,AudioPertemuan,Audio Pertemuan,ais.database.model.streaming,streaming,ais.database.model.file.FileFotoLain,False,True,public,audio_pertemuan,True,,,REVIEW_REQUIRED,membutuhkan adapter foto,ais\database\model\streaming\AudioPertemuan.java
ais.database.model.streaming.VideoPertemuan,VideoPertemuan,Video Pertemuan,ais.database.model.streaming,streaming,ais.database.model.file.FileFotoLain,False,True,public,video_pertemuan,True,,,REVIEW_REQUIRED,membutuhkan adapter foto,ais\database\model\streaming\VideoPertemuan.java
